<?xml version="1.0" encoding="utf-8"?>
<extension type="plugin" group="content" method="upgrade">
	<name>plg_content_wtviewpdf</name>
	<author>Sergey Tolkachyov</author>
	<authorEmail>info@web-tolk.ru</authorEmail>
	<authorUrl>https://web-tolk.ru</authorUrl>
	<creationDate>14.04.2025</creationDate>
	<copyright>Copyright (c) 2025 Sergey Tolkachyov. All rights reserved.</copyright>
	<license>GNU General Public License version 3 or later</license>
	<version>1.0.0</version>
	<description>PLG_CONTENT_WTVIEWPDF_XML_DESCRIPTION</description>
	<scriptfile>script.php</scriptfile>
	<namespace path="src">Joomla\Plugin\Content\WtViewPdf</namespace>
	<files>
		<folder plugin="wtviewpdf">services</folder>
		<folder>src</folder>
		<folder>tmpl</folder>
	</files>
	<languages>
		<language tag="en-GB">language/en-GB/plg_content_wtviewpdf.ini</language>
		<language tag="en-GB">language/en-GB/plg_content_wtviewpdf.sys.ini</language>
		<language tag="ru-RU">language/ru-RU/plg_content_wtviewpdf.ini</language>
		<language tag="ru-RU">language/ru-RU/plg_content_wtviewpdf.sys.ini</language>
	</languages>
	<media folder="media" destination="plg_content_wtviewpdf">
		<folder>js</folder>
		<filename>joomla.asset.json</filename>
	</media>
	<config>
		<fields name="params">
			<fieldset name="basic">
				<field
						name="default_tmpl"
						type="filelist"
						label="PLG_CONTENT_WTVIEWPDF_FIELD_DEFAULT_TMPL_LABEL"
						default="default"
						directory="plugins\content\wtviewpdf\tmpl"
						hide_none="true"
						hide_default="true"
						stripext="true"
				/>
			</fieldset>
		</fields>
	</config>
</extension>