{
  "$schema": "https://developer.joomla.org/schemas/json-schema/web_assets.json",
  "name": "plg_content_wtviewpdf",
  "version": "1.0.0",
  "description": "plg_content_wtviewpdf",
  "license": "GPL-2.0-or-later",
  "assets": [
    {
      "type": "script",
      "name": "plg_content_wtviewpdf.default",
      "uri": "plg_content_wtviewpdf/default.js",
      "dependencies": [
        "wt-pdf-js"
      ],
      "importmap": false,
      "version": "1.0.0"
    },
    {
      "type": "script",
      "name": "plg_content_wtviewpdf.bootstrap.modal",
      "uri": "plg_content_wtviewpdf/bootstrap.modal.js",
      "dependencies": [
        "bootstrap.modal",
        "wt-pdf-js"
      ],
      "importmap": false,
      "version": "1.0.0"
    },
    {
      "type": "script",
      "name": "plg_content_wtviewpdf.uikit.modal",
      "uri": "plg_content_wtviewpdf/uikit.modal.js",
      "dependencies": [
        "wt-pdf-js"
      ],
      "importmap": false,
      "version": "1.0.0"
    }
  ]
}